<KicadtoNgspice><analysis><ac><field1 name="Lin">true</field1><field2 name="Dec">false</field2><field3 name="Oct">false</field3><field4 name="Start Frequency" /><field5 name="Stop Frequency" /><field6 name="No. of points" /><field7 name="Start Fre Combo">Hz</field7><field8 name="Stop Fre Combo">Hz</field8></ac><dc><field1 name="Source 1">vbias1</field1><field2 name="Start">0.2</field2><field3 name="Increment">0.02</field3><field4 name="Stop">1.6</field4><field5 name="Operating Point">1</field5><field6 name="Start Combo">Volts or Amperes</field6><field7 name="Increment Combo">Volts or Amperes</field7><field8 name="Stop Combo">Volts or Amperes</field8><field9 name="Source 2" /><field10 name="Start" /><field11 name="Increment" /><field12 name="Stop" /><field13 name="Start Combo">Volts or Amperes</field13><field14 name="Increment Combo">Volts or Amperes</field14><field15 name="Stop Combo">Volts or Amperes</field15></dc><tran><field1 name="Start Time" /><field2 name="Step Time" /><field3 name="Stop Time" /><field4 name="Start Combo">sec</field4><field5 name="Step Combo">sec</field5><field6 name="Stop Combo">sec</field6></tran></analysis><source><vdd1 name="Source type">dc<field1 name="Value">1.8</field1></vdd1><vbias1 name="Source type">dc<field1 name="Value">0.8</field1></vbias1><vinp1 name="Source type">dc<field1 name="Value">0.9</field1></vinp1><vinn1 name="Source type">dc<field1 name="Value">0.9</field1></vinn1></source><model /><devicemodel><m4><field>C:\FOSSEE\eSim\library\deviceModelLibrary\MOS\PMOS-180nm.lib</field><field>40u</field><field>1u</field><field>1</field></m4><m2><field>C:\FOSSEE\eSim\library\deviceModelLibrary\MOS\NMOS-180nm.lib</field><field>20u</field><field>1u</field><field>1</field></m2><m1><field>C:\FOSSEE\eSim\library\deviceModelLibrary\MOS\NMOS-180nm.lib</field><field>20u</field><field>1u</field><field>1</field></m1><m3><field>C:\FOSSEE\eSim\library\deviceModelLibrary\MOS\PMOS-180nm.lib</field><field>40u</field><field>1u</field><field>1</field></m3><m5><field>C:\FOSSEE\eSim\library\deviceModelLibrary\MOS\NMOS-180nm.lib</field><field>10u</field><field>2u</field><field>1</field></m5></devicemodel><subcircuit /><microcontroller /></KicadtoNgspice>